id,title,price,ownerid
2000,Charger,700,100
2001,Oneplus,1000,104
2002,Headphone,300,103
2003,Charger,1000,106
2004,Nokia,400,108
2005,Charger,600,109
2006,Nokia,200,107
2007,Dell,200,105
2008,Waterbottle,700,101
2009,Nokia,400,107
2010,Waterbottle,700,102
2011,Headphone,900,100
2012,Bag,400,101
2013,HP,500,102
2014,Nokia,400,104
2015,Nokia,600,105
2016,Charger,300,103
2017,Bag,300,108
2018,Waterbottle,300,100
2019,Iphone,900,107
2020,Charger,800,103
2021,Charger,600,104
2022,Bag,1000,102
2023,Bag,500,100
2024,Charger,900,103
2025,HP,400,101
2026,Waterbottle,300,100
2027,Waterbottle,1000,105
2028,Nokia,800,102
2029,Charger,400,107
2030,Iphone,200,101
2031,Headphone,1000,100
2032,Dell,600,105
2033,Charger,900,103
2034,Waterbottle,300,103
2035,Nokia,100,109
2036,Iphone,600,105
2037,Headphone,400,106
2038,HP,400,103
2039,Bag,200,107
2040,Waterbottle,600,103
2041,Dell,200,107
2042,Oneplus,900,105
2043,Waterbottle,900,107
2044,Nokia,800,108
2045,Waterbottle,600,100
2046,Iphone,600,107
2047,Oneplus,600,101
2048,Dell,300,105
2049,Headphone,600,108
2050,Nokia,1000,105
2051,Nokia,300,107
2052,Dell,100,100
2053,Oneplus,100,105
2054,Oneplus,500,106
2055,Dell,100,101
2056,Bag,500,102
2057,HP,600,108
2058,Oneplus,100,103
2059,Headphone,200,108
2060,Dell,100,102
2061,Oneplus,100,101
2062,Iphone,800,106
2063,Dell,500,102
2064,Headphone,100,102
2065,HP,1000,101
2066,Charger,200,109
2067,HP,600,101
2068,Waterbottle,900,106
2069,Nokia,100,105
2070,Dell,1000,104
2071,HP,900,100
2072,Oneplus,1000,105
2073,Headphone,500,107
2074,Headphone,800,102
2075,Dell,700,100
2076,Bag,100,106
2077,Dell,200,102
2078,Charger,900,101
2079,Oneplus,800,109
2080,Charger,700,105
2081,Waterbottle,100,106
2082,Waterbottle,1000,101
2083,Headphone,700,107
2084,Waterbottle,500,109
2085,Waterbottle,400,101
2086,Headphone,400,108
2087,Charger,400,102
2088,Oneplus,400,104
2089,Charger,100,108
2090,HP,500,102
2091,Dell,1000,107
2092,HP,600,108
2093,HP,500,107
2094,Iphone,200,105
2095,HP,400,108
2096,HP,800,105
2097,HP,1000,106
2098,Charger,300,100
2099,Iphone,1000,105
2100,Charger,200,104
2101,Dell,600,101
2102,Headphone,300,104
2103,Oneplus,100,100
2104,Dell,600,109
2105,Bag,600,105
2106,Nokia,100,107
2107,Headphone,600,100
2108,Iphone,200,109
2109,Charger,900,100
2110,Iphone,600,105
2111,Iphone,300,107
2112,Waterbottle,200,109
2113,Waterbottle,800,108
2114,Dell,1000,107
2115,Headphone,1000,103
2116,Oneplus,700,100
2117,Dell,600,109
2118,Charger,1000,101
2119,Nokia,900,102
2120,Nokia,1000,106
2121,Bag,500,106
2122,Nokia,100,104
2123,Charger,100,104
2124,Dell,500,106
2125,HP,400,105
2126,Dell,400,104
2127,HP,200,100
2128,Dell,800,108
2129,Dell,1000,104
2130,Dell,600,101
2131,HP,500,100
2132,Dell,200,105
2133,Headphone,900,106
2134,Oneplus,200,103
2135,Headphone,200,100
2136,Headphone,700,100
2137,Charger,100,107
2138,HP,300,102
2139,Charger,900,107
2140,Oneplus,100,105
2141,HP,900,103
2142,Waterbottle,900,104
2143,Nokia,500,103
2144,Headphone,400,108
2145,Charger,1000,100
2146,Bag,1000,107
2147,Nokia,1000,108
2148,Bag,100,108
2149,Iphone,500,100
2150,Charger,100,108
2151,Bag,400,103
2152,Iphone,500,100
2153,Charger,500,107
2154,Headphone,700,108
2155,HP,600,107
2156,Dell,600,104
2157,Iphone,200,100
2158,Waterbottle,200,104
2159,HP,100,103
2160,Iphone,700,105
2161,Bag,200,107
2162,Bag,800,100
2163,Dell,900,105
2164,Iphone,700,107
2165,Charger,800,107
2166,Bag,1000,101
2167,Iphone,700,106
2168,HP,900,109
2169,Headphone,1000,104
2170,Iphone,100,106
2171,Oneplus,600,101
2172,Nokia,100,105
2173,Headphone,400,105
2174,Headphone,600,109
2175,Waterbottle,500,107
2176,HP,100,104
2177,Oneplus,600,103
2178,Headphone,500,103
2179,Bag,100,108
2180,HP,700,109
2181,Headphone,300,104
2182,Headphone,700,101
2183,Waterbottle,500,102
2184,HP,300,104
2185,Oneplus,100,100
2186,Bag,800,103
2187,Bag,800,106
2188,HP,800,103
2189,Headphone,1000,108
2190,Iphone,100,101
2191,Charger,100,102
2192,Waterbottle,800,100
2193,Nokia,300,108
2194,Nokia,200,106
2195,Dell,100,107
2196,Iphone,400,109
2197,Headphone,700,108
2198,HP,600,103
2199,Dell,200,109
2200,HP,600,102
2201,HP,200,103
2202,Headphone,700,103
2203,Headphone,600,103
2204,Charger,100,101
2205,Nokia,900,100
2206,Oneplus,900,106
2207,Waterbottle,700,102
2208,Waterbottle,1000,109
2209,Nokia,900,100
2210,Dell,800,107
2211,Waterbottle,300,108
2212,Bag,800,104
2213,Bag,700,104
2214,HP,700,102
2215,HP,300,106
2216,Headphone,600,102
2217,Nokia,800,109
2218,Oneplus,900,103
2219,Iphone,700,105
2220,Bag,1000,105
2221,Nokia,100,102
2222,Oneplus,300,102
2223,Oneplus,400,103
2224,Oneplus,1000,104
2225,Iphone,900,102
2226,Headphone,400,101
2227,Bag,700,104
2228,Nokia,600,104
2229,Iphone,900,102
2230,Bag,600,106
2231,Headphone,200,107
2232,Dell,500,101
2233,Waterbottle,400,100
2234,HP,400,108
2235,Iphone,500,103
2236,Bag,200,102
2237,Nokia,400,102
2238,Dell,800,101
2239,Nokia,100,103
2240,Waterbottle,400,109
2241,Iphone,100,107
2242,Oneplus,700,108
2243,Waterbottle,500,107
2244,HP,1000,107
2245,Oneplus,1000,105
2246,Waterbottle,500,105
2247,Nokia,1000,101
2248,HP,300,102
2249,Bag,100,104
2250,Charger,100,109
2251,Iphone,200,104
2252,Headphone,700,106
2253,Charger,200,103
2254,Bag,700,103
2255,Nokia,800,102
2256,Dell,400,105
2257,Nokia,900,103
2258,Headphone,700,107
2259,Bag,800,102
2260,Dell,300,100
2261,Iphone,600,103
2262,HP,800,104
2263,Iphone,100,100
2264,Dell,900,104
2265,Nokia,800,100
2266,Bag,200,104
2267,Waterbottle,1000,101
2268,Oneplus,200,106
2269,HP,300,108
2270,Oneplus,800,102
2271,Iphone,1000,100
2272,Bag,100,108
2273,Waterbottle,400,109
2274,Bag,400,106
2275,Dell,400,107
2276,Headphone,500,109
2277,Bag,500,109
2278,Dell,800,104
2279,Dell,700,109
2280,Iphone,700,104
2281,Headphone,600,100
2282,Dell,800,100
2283,Nokia,400,109
2284,Waterbottle,300,108
2285,Waterbottle,300,109
2286,Bag,1000,107
2287,HP,700,109
2288,Charger,400,107
2289,Nokia,700,108
2290,Waterbottle,700,107
2291,Dell,1000,108
2292,Bag,700,106
2293,Headphone,500,101
2294,HP,700,102
2295,HP,100,108
2296,Bag,900,104
2297,Waterbottle,200,103
2298,Nokia,400,100
2299,Waterbottle,100,102
2300,Charger,600,107
2301,HP,200,103
2302,Bag,900,100
2303,Oneplus,1000,107
2304,Iphone,1000,103
2305,HP,800,105
2306,Dell,100,104
2307,Iphone,600,105
2308,HP,1000,105
2309,Bag,1000,102
2310,Iphone,600,106
2311,Headphone,700,100
2312,Headphone,200,101
2313,Dell,600,106
2314,Headphone,1000,101
2315,Iphone,100,109
2316,Charger,900,101
2317,Iphone,400,107
2318,Nokia,500,106
2319,Waterbottle,1000,107
2320,Dell,300,100
2321,Dell,300,100
2322,Dell,400,103
2323,HP,1000,108
2324,Waterbottle,500,101
2325,HP,700,102
2326,Iphone,500,106
2327,Charger,600,104
2328,Dell,500,100
2329,HP,600,102
2330,Iphone,500,102
2331,HP,200,107
2332,Iphone,700,102
2333,Waterbottle,300,108
2334,Iphone,800,106
2335,Oneplus,400,109
2336,Nokia,1000,103
2337,Bag,600,101
2338,Headphone,1000,105
2339,Dell,400,104
2340,Dell,500,103
2341,Oneplus,400,100
2342,Charger,600,102
2343,Headphone,900,103
2344,Oneplus,600,104
2345,HP,900,102
2346,Headphone,1000,105
2347,Headphone,700,108
2348,Oneplus,500,108
2349,Iphone,200,107
2350,Iphone,500,103
2351,Bag,1000,106
2352,Nokia,1000,106
2353,Charger,300,103
2354,Nokia,700,105
2355,Nokia,200,104
2356,Oneplus,300,105
2357,Headphone,600,103
2358,HP,500,100
2359,Nokia,200,108
2360,Headphone,400,103
2361,Dell,200,103
2362,Oneplus,900,106
2363,Oneplus,300,109
2364,Headphone,900,109
2365,Charger,600,102
2366,Waterbottle,200,107
2367,Iphone,400,108
2368,Waterbottle,200,105
2369,Charger,100,108
2370,Waterbottle,200,101
2371,Headphone,400,102
2372,Oneplus,200,100
2373,Waterbottle,400,105
2374,Nokia,700,106
2375,Charger,600,103
2376,HP,200,102
2377,Headphone,800,106
2378,Bag,100,109
2379,Headphone,900,107
2380,Oneplus,400,102
2381,HP,400,107
2382,Waterbottle,600,108
2383,Iphone,400,107
2384,Nokia,400,107
2385,Charger,600,105
2386,Charger,900,109
2387,Dell,700,104
2388,Oneplus,400,100
2389,Bag,900,100
2390,Nokia,1000,107
2391,Charger,500,103
2392,Dell,300,106
2393,Charger,600,105
2394,Dell,900,102
2395,Headphone,800,104
2396,Charger,100,102
2397,Headphone,500,105
2398,Oneplus,200,101
2399,Charger,900,104
2400,Headphone,200,101
2401,Nokia,700,109
2402,Bag,800,105
2403,HP,100,103
2404,Iphone,100,105
2405,Charger,300,104
2406,Iphone,300,102
2407,Headphone,400,107
2408,Waterbottle,300,103
2409,Waterbottle,600,107
2410,Headphone,300,103
2411,Charger,500,104
2412,Headphone,800,104
2413,Charger,200,100
2414,Charger,400,109
2415,Bag,600,105
2416,Dell,200,103
2417,Iphone,1000,102
2418,Iphone,500,104
2419,Iphone,700,105
2420,Dell,200,104
2421,Bag,1000,107
2422,Bag,400,101
2423,Iphone,300,103
2424,Oneplus,500,101
2425,Waterbottle,100,104
2426,Headphone,300,105
2427,Nokia,200,102
2428,Charger,100,101
2429,HP,400,105
2430,Charger,200,108
2431,Oneplus,1000,109
2432,Dell,200,104
2433,HP,200,105
2434,Waterbottle,1000,105
2435,Headphone,800,104
2436,Charger,200,106
2437,Oneplus,400,104
2438,Headphone,400,107
2439,Waterbottle,300,101
2440,HP,100,106
2441,Charger,200,109
2442,HP,100,102
2443,Oneplus,1000,101
2444,HP,200,108
2445,Nokia,900,103
2446,Nokia,500,106
2447,HP,400,102
2448,Charger,200,106
2449,Headphone,200,105
2450,Dell,200,105
2451,HP,400,101
2452,Waterbottle,1000,103
2453,HP,1000,103
2454,Bag,500,107
2455,Headphone,1000,106
2456,Headphone,300,100
2457,Iphone,800,108
2458,Nokia,1000,103
2459,Nokia,400,107
2460,HP,100,107
2461,Charger,300,102
2462,Oneplus,200,101
2463,Bag,700,102
2464,Dell,500,107
2465,HP,200,104
2466,Iphone,900,108
2467,Headphone,200,103
2468,Iphone,100,101
2469,Nokia,900,103
2470,HP,400,106
2471,Charger,500,104
2472,Dell,600,105
2473,Oneplus,900,106
2474,Charger,100,101
2475,Nokia,700,109
2476,Oneplus,100,106
2477,Oneplus,1000,109
2478,Iphone,900,100
2479,Nokia,400,105
2480,Dell,100,106
2481,Oneplus,700,100
2482,Nokia,500,107
2483,HP,100,105
2484,HP,200,104
2485,Bag,300,107
2486,HP,800,106
2487,Waterbottle,400,108
2488,Charger,100,104
2489,Charger,700,105
2490,Bag,200,108
2491,HP,200,100
2492,Headphone,500,103
2493,Iphone,1000,104
2494,Dell,1000,101
2495,Waterbottle,400,107
2496,Bag,1000,109
2497,Bag,300,104
2498,Oneplus,600,106
2499,Iphone,700,107
2500,Headphone,800,105
2501,Bag,200,103
2502,Iphone,100,107
2503,Headphone,300,103
2504,Waterbottle,500,103
2505,HP,700,103
2506,Headphone,700,109
2507,Nokia,700,105
2508,Dell,100,108
2509,Headphone,600,104
2510,Waterbottle,800,100
2511,Dell,800,107
2512,Bag,100,109
2513,Waterbottle,900,100
2514,Headphone,900,104
2515,Iphone,1000,105
2516,Oneplus,1000,102
2517,Waterbottle,300,101
2518,Headphone,600,107
2519,Charger,900,104
2520,Nokia,200,106
2521,Bag,800,108
2522,Charger,1000,104
2523,Dell,600,103
2524,HP,200,107
2525,HP,300,106
2526,Charger,600,109
2527,Charger,600,103
2528,Headphone,900,103
2529,Oneplus,400,100
2530,Oneplus,200,106
2531,Nokia,600,100
2532,HP,500,109
2533,Iphone,400,108
2534,HP,800,109
2535,Headphone,900,101
2536,Nokia,1000,106
2537,Nokia,500,107
2538,Oneplus,100,109
2539,Charger,300,105
2540,Dell,100,109
2541,Waterbottle,400,105
2542,Bag,200,105
2543,Nokia,300,108
2544,Oneplus,900,107
2545,Iphone,400,109
2546,Dell,900,101
2547,Headphone,200,107
2548,Waterbottle,600,109
2549,HP,300,104
2550,HP,800,100
2551,Headphone,400,104
2552,Oneplus,300,106
2553,Iphone,400,109
2554,Bag,300,100
2555,Iphone,900,104
2556,Bag,1000,108
2557,Dell,600,102
2558,Bag,200,104
2559,Iphone,800,102
2560,Bag,900,102
2561,Bag,200,101
2562,Headphone,100,109
2563,Iphone,500,109
2564,HP,900,106
2565,HP,200,103
2566,Charger,300,104
2567,Waterbottle,700,105
2568,Nokia,800,101
2569,HP,600,109
2570,Iphone,200,101
2571,HP,300,108
2572,HP,700,107
2573,Iphone,300,103
2574,Bag,300,101
2575,Waterbottle,900,102
2576,Dell,200,102
2577,Headphone,400,109
2578,Iphone,500,103
2579,HP,600,101
2580,Bag,500,100
2581,HP,500,106
2582,Iphone,900,108
2583,Charger,600,100
2584,Iphone,1000,109
2585,Dell,400,107
2586,Charger,900,103
2587,HP,500,109
2588,Nokia,300,100
2589,HP,900,103
2590,HP,600,107
2591,Charger,500,104
2592,Headphone,400,107
2593,Bag,700,106
2594,Iphone,1000,102
2595,HP,300,107
2596,Waterbottle,200,107
2597,Bag,600,106
2598,Bag,900,104
2599,Dell,400,106
2600,Headphone,100,107
2601,HP,800,105
2602,Waterbottle,1000,107
2603,Waterbottle,600,101
2604,Dell,100,103
2605,Charger,300,103
2606,Bag,700,106
2607,Charger,700,103
2608,Iphone,600,107
2609,Waterbottle,300,104
2610,Headphone,900,102
2611,Dell,200,108
2612,Headphone,200,101
2613,Waterbottle,200,106
2614,Waterbottle,400,107
2615,Oneplus,400,102
2616,Dell,400,109
2617,Waterbottle,700,102
2618,Bag,1000,100
2619,Charger,900,100
2620,Dell,300,100
2621,Iphone,100,100
2622,Nokia,100,100
2623,Dell,300,105
2624,Bag,1000,107
2625,Oneplus,1000,106
2626,Bag,900,100
2627,Charger,300,106
2628,Iphone,500,104
2629,Nokia,600,101
2630,HP,100,109
2631,Iphone,600,105
2632,HP,300,109
2633,Bag,400,101
2634,Oneplus,900,103
2635,Bag,1000,105
2636,HP,100,104
2637,Charger,700,108
2638,Iphone,200,109
2639,Headphone,200,102
2640,Iphone,300,109
2641,HP,200,106
2642,Nokia,900,100
2643,Oneplus,600,103
2644,Oneplus,600,105
2645,HP,500,102
2646,Charger,100,105
2647,Nokia,600,104
2648,HP,100,103
2649,Waterbottle,400,101
2650,Dell,800,106
2651,Dell,600,102
2652,HP,100,109
2653,Oneplus,300,108
2654,Bag,1000,108
2655,Waterbottle,500,106
2656,Waterbottle,700,103
2657,Waterbottle,100,102
2658,Oneplus,600,105
2659,Oneplus,100,104
2660,Iphone,500,103
2661,Charger,400,105
2662,Headphone,800,108
2663,Headphone,1000,105
2664,Bag,600,104
2665,Nokia,600,104
2666,Charger,200,105
2667,Charger,700,103
2668,Iphone,100,107
2669,Iphone,500,104
2670,Waterbottle,100,102
2671,Headphone,500,100
2672,HP,1000,105
2673,Iphone,400,105
2674,Nokia,400,107
2675,Waterbottle,1000,105
2676,Bag,600,103
2677,HP,600,104
2678,HP,400,106
2679,HP,600,107
2680,Nokia,700,103
2681,Dell,700,109
2682,Nokia,500,107
2683,Headphone,300,100
2684,Iphone,500,108
2685,HP,1000,105
2686,Iphone,1000,101
2687,Bag,700,100
2688,Bag,800,102
2689,Dell,500,104
2690,Charger,700,107
2691,Nokia,100,109
2692,Oneplus,800,108
2693,Bag,900,101
2694,Charger,900,109
2695,Headphone,500,109
2696,Oneplus,200,108
2697,Dell,900,107
2698,Dell,1000,105
2699,Iphone,800,107
2700,Bag,600,105
2701,Oneplus,300,102
2702,Oneplus,300,108
2703,Dell,300,100
2704,Iphone,100,106
2705,Headphone,200,100
2706,HP,200,105
2707,Nokia,300,106
2708,Headphone,1000,109
2709,Charger,600,108
2710,Waterbottle,900,102
2711,Dell,300,108
2712,Headphone,600,106
2713,Bag,400,109
2714,Bag,900,101
2715,HP,400,101
2716,Waterbottle,200,109
2717,Iphone,700,107
2718,Headphone,200,102
2719,Charger,200,101
2720,Oneplus,1000,104
2721,Dell,300,106
2722,Waterbottle,1000,103
2723,Charger,100,101
2724,Nokia,900,105
2725,Dell,300,109
2726,Oneplus,600,109
2727,Dell,900,101
2728,Nokia,200,107
2729,Charger,300,106
2730,Headphone,600,104
2731,Dell,100,105
2732,Bag,100,106
2733,Oneplus,300,106
2734,Headphone,400,103
2735,Bag,400,104
2736,Charger,300,101
2737,Nokia,100,100
2738,Charger,800,105
2739,Oneplus,900,108
2740,Charger,800,106
2741,Iphone,300,106
2742,Iphone,100,109
2743,Nokia,100,109
2744,Iphone,100,107
2745,Charger,600,101
2746,Dell,600,103
2747,Waterbottle,400,107
2748,Headphone,800,102
2749,Charger,800,100
2750,Oneplus,200,106
2751,Charger,900,109
2752,Nokia,500,103
2753,Headphone,500,108
2754,Charger,500,103
2755,Headphone,600,108
2756,Dell,300,108
2757,Headphone,800,101
2758,Iphone,400,106
2759,HP,900,106
2760,Dell,200,100
2761,Waterbottle,800,105
2762,Headphone,200,106
2763,Oneplus,1000,100
2764,Oneplus,100,106
2765,Charger,300,103
2766,Charger,800,107
2767,Bag,100,109
2768,Dell,300,108
2769,HP,1000,103
2770,Bag,600,105
2771,Waterbottle,1000,102
2772,HP,400,103
2773,Iphone,500,109
2774,Charger,1000,104
2775,Dell,700,106
2776,Oneplus,300,102
2777,Bag,400,109
2778,Oneplus,500,104
2779,Nokia,600,101
2780,Bag,400,105
2781,Waterbottle,500,105
2782,Waterbottle,1000,107
2783,Headphone,800,101
2784,Charger,800,102
2785,HP,800,109
2786,Waterbottle,300,106
2787,Oneplus,500,100
2788,Waterbottle,700,108
2789,Headphone,100,105
2790,Waterbottle,600,104
2791,Charger,900,102
2792,Charger,300,108
2793,Iphone,900,104
2794,Nokia,600,108
2795,HP,100,102
2796,Nokia,600,106
2797,Iphone,900,105
2798,Headphone,500,101
2799,Bag,600,100
2800,HP,400,105
2801,HP,200,108
2802,Iphone,500,109
2803,Iphone,600,104
2804,Oneplus,700,105
2805,Bag,700,107
2806,Iphone,500,107
2807,Waterbottle,700,103
2808,Waterbottle,100,100
2809,Oneplus,400,105
2810,Waterbottle,100,103
2811,Bag,600,108
2812,Dell,500,103
2813,Headphone,500,100
2814,Waterbottle,200,107
2815,Dell,200,108
2816,Headphone,400,108
2817,Dell,300,102
2818,Bag,100,108
2819,Bag,700,105
2820,Bag,400,101
2821,Waterbottle,200,105
2822,HP,1000,105
2823,Bag,400,100
2824,Charger,1000,105
2825,Waterbottle,700,106
2826,Bag,200,100
2827,Iphone,1000,108
2828,Headphone,400,109
2829,Oneplus,800,103
2830,Bag,500,107
2831,Nokia,800,106
2832,Oneplus,700,100
2833,Oneplus,900,100
2834,Nokia,900,100
2835,Iphone,900,102
2836,HP,100,107
2837,Dell,600,108
2838,Nokia,500,109
2839,Dell,900,104
2840,Headphone,300,105
2841,Waterbottle,200,102
2842,Iphone,900,105
2843,Bag,600,102
2844,Waterbottle,100,102
2845,Oneplus,800,105
2846,Dell,300,109
2847,Bag,300,101
2848,Charger,300,102
2849,Nokia,200,104
2850,Oneplus,100,102
2851,Iphone,300,107
2852,Nokia,500,103
2853,Iphone,1000,109
2854,HP,500,109
2855,Oneplus,700,106
2856,Headphone,900,101
2857,HP,500,108
2858,Bag,900,107
2859,Oneplus,300,106
2860,Iphone,400,107
2861,Waterbottle,200,108
2862,Dell,600,101
2863,Headphone,500,101
2864,Bag,1000,104
2865,Bag,100,102
2866,Iphone,900,107
2867,Nokia,500,106
2868,Dell,900,105
2869,Bag,400,102
2870,Bag,900,104
2871,HP,1000,101
2872,Dell,600,107
2873,Bag,500,100
2874,Iphone,700,103
2875,Nokia,300,106
2876,Waterbottle,600,106
2877,Dell,900,103
2878,Iphone,200,100
2879,Bag,1000,109
2880,Bag,600,100
2881,Oneplus,900,109
2882,Nokia,1000,101
2883,Headphone,100,101
2884,Dell,400,102
2885,Nokia,600,108
2886,Iphone,400,103
2887,Oneplus,200,108
2888,Waterbottle,300,106
2889,Nokia,600,109
2890,Charger,1000,105
2891,Headphone,300,103
2892,Headphone,400,103
2893,Headphone,1000,101
2894,Headphone,700,104
2895,Waterbottle,600,108
2896,Headphone,100,101
2897,Charger,1000,106
2898,Dell,400,101
2899,Dell,900,109
2900,Bag,700,101
2901,Charger,800,107
2902,Waterbottle,200,104
2903,Waterbottle,900,100
2904,Headphone,100,100
2905,Waterbottle,300,105
2906,Headphone,700,105
2907,Headphone,300,109
2908,Bag,100,109
2909,HP,800,102
2910,Bag,800,106
2911,Nokia,400,100
2912,Iphone,600,103
2913,Dell,200,105
2914,Nokia,400,107
2915,Oneplus,500,107
2916,Iphone,600,108
2917,Oneplus,1000,106
2918,Iphone,200,108
2919,Waterbottle,200,103
2920,Dell,200,109
2921,Charger,200,103
2922,Oneplus,700,107
2923,Oneplus,300,105
2924,Waterbottle,100,101
2925,Oneplus,800,104
2926,Nokia,800,104
2927,Iphone,800,107
2928,Bag,700,101
2929,Oneplus,700,102
2930,Charger,200,103
2931,Waterbottle,200,102
2932,Nokia,100,106
2933,Bag,900,104
2934,Oneplus,1000,109
2935,Charger,200,109
2936,Oneplus,100,100
2937,Charger,500,102
2938,Nokia,1000,101
2939,Nokia,800,106
2940,Waterbottle,1000,101
2941,HP,300,107
2942,Charger,600,109
2943,Bag,200,101
2944,Bag,700,103
2945,Oneplus,100,103
2946,Bag,600,106
2947,Bag,300,103
2948,Iphone,1000,109
2949,Dell,600,109
2950,Nokia,400,105
2951,Oneplus,1000,109
2952,Charger,400,105
2953,Waterbottle,900,102
2954,HP,700,100
2955,Nokia,800,105
2956,Bag,100,107
2957,Waterbottle,100,109
2958,Dell,800,108
2959,Nokia,600,107
2960,Nokia,600,105
2961,Nokia,700,103
2962,Headphone,100,105
2963,Nokia,400,107
2964,Iphone,1000,102
2965,Dell,800,107
2966,Iphone,600,103
2967,Nokia,100,108
2968,Dell,700,102
2969,Bag,600,108
2970,Waterbottle,800,108
2971,Bag,800,100
2972,Waterbottle,900,100
2973,Waterbottle,100,106
2974,Dell,900,103
2975,Iphone,300,100
2976,Iphone,300,107
2977,Headphone,1000,103
2978,Oneplus,100,103
2979,Charger,800,103
2980,HP,900,102
2981,Dell,500,100
2982,Bag,1000,103
2983,Charger,900,107
2984,Dell,100,106
2985,Iphone,200,106
2986,Nokia,100,108
2987,Headphone,500,109
2988,Waterbottle,300,103
2989,Headphone,900,108
2990,Dell,200,105
2991,Nokia,400,109
2992,Waterbottle,700,106
2993,Nokia,200,102
2994,Nokia,400,102
2995,HP,800,102
2996,Charger,800,105
2997,Oneplus,1000,103
2998,Bag,900,104
2999,Dell,100,107
3000,Oneplus,400,109
3001,HP,600,101
3002,HP,1000,109
3003,Iphone,300,107
3004,Dell,500,100
3005,Waterbottle,100,104
3006,Dell,200,108
3007,Bag,200,104
3008,Bag,700,106
3009,Dell,100,106
3010,Bag,200,109
3011,Iphone,600,106
3012,Nokia,500,105
3013,Charger,500,105
3014,Dell,1000,101
3015,Waterbottle,400,101
3016,Bag,900,104
3017,Charger,200,107
3018,Dell,400,108
3019,Oneplus,100,109
3020,Bag,900,108
3021,Oneplus,700,108
3022,Headphone,400,106
3023,Waterbottle,600,105
3024,Bag,300,107
3025,Bag,200,107
3026,Iphone,800,103
3027,Bag,700,104
3028,Charger,600,104
3029,Headphone,1000,102
3030,Waterbottle,500,100
3031,Headphone,1000,108
3032,Nokia,800,109
3033,Waterbottle,300,105
3034,Oneplus,600,104
3035,Oneplus,600,107
3036,Iphone,300,109
3037,Bag,500,106
3038,HP,800,104
3039,Headphone,900,101
3040,Bag,500,104
3041,Dell,600,105
3042,HP,800,101
3043,Headphone,200,104
3044,Bag,700,102
3045,Waterbottle,200,104
3046,Headphone,500,108
3047,Oneplus,500,109
3048,Charger,300,101
3049,Oneplus,400,104
3050,Bag,100,101
3051,Oneplus,600,109
3052,Oneplus,400,103
3053,Iphone,800,102
3054,Dell,500,108
3055,Nokia,100,106
3056,Iphone,700,103
3057,Dell,1000,108
3058,Oneplus,100,102
3059,Waterbottle,300,101
3060,Bag,100,108
3061,Oneplus,400,108
3062,Nokia,100,108
3063,Headphone,700,103
3064,Iphone,700,101
3065,Bag,200,107
3066,Charger,800,103
3067,Charger,800,105
3068,Oneplus,700,103
3069,HP,600,104
3070,Iphone,300,108
3071,Oneplus,600,108
3072,Oneplus,900,107
3073,Waterbottle,800,101
3074,Headphone,400,107
3075,Nokia,1000,105
3076,Charger,100,101
3077,Bag,900,102
3078,Oneplus,700,106
3079,Dell,500,108
3080,Nokia,800,100
3081,Headphone,400,107
3082,Waterbottle,300,103
3083,Oneplus,400,103
3084,Headphone,600,103
3085,Oneplus,700,109
3086,Iphone,200,109
3087,Bag,300,102
3088,Charger,800,108
3089,Bag,900,100
3090,Waterbottle,600,105
3091,Oneplus,900,102
3092,HP,100,105
3093,Waterbottle,800,103
3094,HP,900,103
3095,Waterbottle,700,106
3096,Charger,100,102
3097,Dell,800,103
3098,HP,200,105
3099,Nokia,500,101
3100,Dell,500,107
3101,Waterbottle,600,104
3102,Dell,700,108
3103,Iphone,500,103
3104,Dell,400,108
3105,Bag,100,105
3106,Bag,100,105
3107,Nokia,900,103
3108,Bag,200,104
3109,Waterbottle,700,100
3110,Headphone,300,100
3111,Iphone,600,104
3112,Oneplus,800,107
3113,Headphone,400,106
3114,Bag,300,100
3115,Iphone,1000,108
3116,Waterbottle,800,107
3117,Charger,1000,108
3118,HP,700,108
3119,Charger,500,107
3120,Charger,700,104
3121,Waterbottle,600,109
3122,HP,600,109
3123,Iphone,700,102
3124,Iphone,300,100
3125,HP,400,107
3126,Waterbottle,100,109
3127,Dell,200,107
3128,Bag,200,106
3129,Iphone,800,105
3130,HP,600,104
3131,Bag,300,101
3132,HP,900,104
3133,Nokia,600,101
3134,Charger,800,104
3135,Headphone,900,104
3136,Waterbottle,100,102
3137,Oneplus,300,108
3138,Oneplus,1000,104
3139,HP,300,100
3140,Bag,900,100
3141,Nokia,600,107
3142,Bag,900,100
3143,Oneplus,200,100
3144,Iphone,800,104
3145,Oneplus,400,106
3146,HP,600,103
3147,Dell,300,106
3148,Dell,800,109
3149,Oneplus,600,108
3150,Dell,600,105
3151,Waterbottle,800,102
3152,Charger,400,108
3153,Dell,200,108
3154,Nokia,800,101
3155,Bag,800,107
3156,Oneplus,500,108
3157,Charger,200,107
3158,Waterbottle,900,105
3159,Nokia,300,101
3160,Nokia,800,100
3161,Oneplus,800,104
3162,Bag,900,102
3163,Waterbottle,800,102
3164,Waterbottle,300,100
3165,Oneplus,900,109
3166,Dell,1000,104
3167,Iphone,900,108
3168,Dell,400,106
3169,HP,400,100
3170,Oneplus,900,109
3171,Bag,300,108
3172,Bag,900,101
3173,Charger,400,102
3174,Waterbottle,900,102
3175,Bag,300,100
3176,HP,200,103
3177,Waterbottle,200,105
3178,HP,600,104
3179,HP,700,106
3180,Bag,1000,102
3181,HP,100,107
3182,Dell,400,103
3183,Nokia,600,104
3184,Dell,400,103
3185,Nokia,900,102
3186,Nokia,600,105
3187,Dell,200,104
3188,Headphone,600,102
3189,Charger,400,101
3190,Oneplus,600,104
3191,Oneplus,900,104
3192,Nokia,700,104
3193,Waterbottle,900,108
3194,Dell,100,100
3195,Nokia,500,102
3196,HP,200,104
3197,HP,400,104
3198,Charger,1000,102
3199,Nokia,700,109
3200,Bag,100,100
3201,Dell,600,108
3202,Headphone,900,100
3203,Dell,100,106
3204,Bag,100,101
3205,Headphone,400,104
3206,HP,200,105
3207,Oneplus,200,100
3208,HP,600,102
3209,Bag,1000,108
3210,Headphone,500,107
3211,Headphone,1000,104
3212,Charger,700,107
3213,HP,600,106
3214,Headphone,600,109
3215,Charger,200,109
3216,Charger,900,108
3217,Iphone,700,105
3218,Nokia,700,105
3219,HP,100,108
3220,Nokia,700,100
3221,Oneplus,500,108
3222,Waterbottle,800,100
3223,Charger,200,104
3224,Nokia,600,100
3225,Iphone,400,109
3226,Bag,600,100
3227,Charger,600,102
3228,Oneplus,800,102
3229,Dell,400,107
3230,Headphone,400,106
3231,HP,600,106
3232,Bag,100,106
3233,Headphone,900,105
3234,Dell,300,104
3235,Oneplus,200,107
3236,Waterbottle,200,100
3237,HP,1000,103
3238,Charger,900,104
3239,Oneplus,700,108
3240,Iphone,900,106
3241,Bag,1000,106
3242,Oneplus,700,101
3243,Waterbottle,600,109
3244,Headphone,500,108
3245,Oneplus,400,108
3246,Oneplus,1000,101
3247,Nokia,800,101
3248,Headphone,900,108
3249,HP,300,107
3250,Dell,900,103
3251,Nokia,500,102
3252,Nokia,700,101
3253,Oneplus,600,108
3254,HP,400,100
3255,Oneplus,800,102
3256,Iphone,300,104
3257,HP,200,100
3258,Headphone,500,109
3259,Dell,100,102
3260,Charger,100,102
3261,Nokia,900,105
3262,Headphone,400,101
3263,Charger,500,103
3264,Waterbottle,1000,102
3265,Bag,300,106
3266,Bag,500,103
3267,Iphone,100,100
3268,Nokia,200,108
3269,Dell,900,106
3270,Dell,900,105
3271,Dell,700,102
3272,Iphone,900,108
3273,Charger,500,103
3274,Headphone,700,105
3275,Dell,300,103
3276,HP,700,100
3277,HP,900,105
3278,Iphone,1000,101
3279,Waterbottle,100,104
3280,Bag,800,101
3281,HP,400,109
3282,Oneplus,900,108
3283,Nokia,900,102
3284,Nokia,800,106
3285,Dell,500,104
3286,Oneplus,400,103
3287,Dell,700,102
3288,HP,500,101
3289,Oneplus,300,109
3290,HP,900,103
3291,Iphone,100,104
3292,Dell,800,103
3293,Bag,400,106
3294,Waterbottle,300,100
3295,Headphone,900,107
3296,Bag,800,101
3297,Bag,100,109
3298,Headphone,700,106
3299,Iphone,100,107
3300,Dell,900,106
3301,Oneplus,700,109
3302,Oneplus,400,100
3303,Waterbottle,700,103
3304,Iphone,100,101
3305,Charger,1000,108
3306,Bag,700,109
3307,Charger,1000,100
3308,Charger,600,105
3309,Charger,400,105
3310,Waterbottle,100,101
3311,Charger,100,109
3312,Oneplus,1000,101
3313,HP,800,100
3314,Iphone,500,100
3315,Nokia,400,107
3316,Waterbottle,100,100
3317,Nokia,400,101
3318,Charger,1000,107
3319,Oneplus,600,109
3320,Iphone,200,101
3321,Nokia,700,100
3322,Bag,1000,104
3323,Dell,100,103
3324,Iphone,100,108
3325,Dell,500,109
3326,Oneplus,600,103
3327,Waterbottle,600,109
3328,Charger,200,108
3329,Nokia,1000,101
3330,Charger,500,109
3331,Dell,400,106
3332,Headphone,600,101
3333,Nokia,500,103
3334,Oneplus,700,105
3335,Oneplus,800,107
3336,Nokia,1000,104
3337,Oneplus,300,107
3338,HP,400,100
3339,Iphone,800,101
3340,HP,800,107
3341,Dell,100,109
3342,Bag,800,103
3343,Iphone,700,102
3344,Waterbottle,600,108
3345,Waterbottle,100,103
3346,Iphone,1000,105
3347,Waterbottle,100,106
3348,Nokia,100,103
3349,Waterbottle,800,104
3350,HP,200,105
3351,Iphone,100,109
3352,Headphone,700,104
3353,Charger,200,109
3354,Nokia,500,101
3355,Waterbottle,200,105
3356,Oneplus,700,100
3357,Bag,600,105
3358,Charger,600,109
3359,Bag,500,108
3360,Iphone,600,105
3361,Headphone,700,105
3362,HP,300,103
3363,Bag,700,104
3364,Oneplus,900,106
3365,Headphone,400,107
3366,Iphone,1000,100
3367,Bag,900,108
3368,HP,100,108
3369,Headphone,400,109
3370,Oneplus,900,105
3371,Nokia,200,106
3372,Oneplus,500,102
3373,Oneplus,800,102
3374,Waterbottle,800,100
3375,Dell,500,104
3376,Waterbottle,200,105
3377,Bag,800,104
3378,Oneplus,400,101
3379,Dell,100,109
3380,Bag,600,107
3381,Bag,1000,107
3382,Oneplus,900,105
3383,Waterbottle,900,102
3384,Nokia,900,102
3385,Bag,400,106
3386,Bag,900,103
3387,Iphone,900,103
3388,Dell,800,102
3389,Dell,300,100
3390,Iphone,200,103
3391,Dell,200,104
3392,Iphone,200,101
3393,HP,1000,101
3394,Nokia,200,107
3395,Nokia,200,101
3396,HP,700,107
3397,Bag,700,106
3398,Oneplus,600,104
3399,Bag,1000,100
3400,Bag,600,107
3401,Charger,500,106
3402,Dell,700,106
3403,Bag,600,109
3404,Nokia,500,108
3405,Headphone,1000,101
3406,HP,400,106
3407,Waterbottle,500,107
3408,HP,700,103
3409,Charger,400,109
3410,Nokia,600,109
3411,Nokia,1000,106
3412,Charger,300,100
3413,Iphone,900,109
3414,Nokia,100,109
3415,Iphone,100,104
3416,Iphone,1000,100
3417,Charger,100,106
3418,Nokia,700,107
3419,Oneplus,900,100
3420,Iphone,1000,100
3421,Oneplus,100,100
3422,HP,600,102
3423,HP,400,103
3424,Oneplus,800,102
3425,Nokia,300,100
3426,Oneplus,900,105
3427,Nokia,600,103
3428,HP,600,107
3429,Dell,600,107
3430,Oneplus,300,105
3431,Oneplus,1000,104
3432,HP,500,108
3433,Iphone,200,100
3434,Waterbottle,500,107
3435,Iphone,200,104
3436,Headphone,1000,103
3437,Charger,600,101
3438,Headphone,900,101
3439,Iphone,800,106
3440,Nokia,800,107
3441,Oneplus,300,100
3442,Waterbottle,1000,105
3443,Dell,600,103
3444,Dell,100,104
3445,Headphone,1000,102
3446,Charger,800,102
3447,Bag,200,104
3448,Oneplus,800,101
3449,Oneplus,900,106
3450,Iphone,1000,101
3451,Oneplus,400,108
3452,Nokia,1000,103
3453,Charger,500,100
3454,Bag,600,108
3455,Headphone,1000,100
3456,Bag,900,100
3457,Headphone,1000,105
3458,Bag,700,100
3459,Oneplus,400,102
3460,Iphone,100,101
3461,Charger,800,102
3462,Charger,700,101
3463,Headphone,200,107
3464,Headphone,600,104
3465,Charger,800,101
3466,Headphone,400,101
3467,Iphone,800,101
3468,HP,500,109
3469,Iphone,800,108
3470,Waterbottle,200,105
3471,Headphone,200,105
3472,Bag,500,108
3473,Headphone,900,109
3474,Dell,500,109
3475,Waterbottle,700,109
3476,Oneplus,200,109
3477,Headphone,1000,109
3478,Nokia,500,101
3479,Iphone,800,108
3480,Charger,800,108
3481,Nokia,100,105
3482,Iphone,800,103
3483,Headphone,900,100
3484,Headphone,200,109
3485,Charger,200,103
3486,Headphone,900,105
3487,Bag,600,106
3488,Headphone,800,104
3489,Bag,1000,108
3490,Dell,700,100
3491,Bag,200,106
3492,Bag,500,104
3493,Waterbottle,300,100
3494,Charger,200,102
3495,Charger,500,104
3496,Oneplus,200,106
3497,Nokia,900,109
3498,Iphone,500,107
3499,Charger,400,100
3500,Dell,500,108
3501,Headphone,100,108
3502,Charger,500,106
3503,Charger,500,103
3504,Iphone,200,100
3505,Headphone,500,106
3506,Headphone,100,104
3507,Iphone,700,108
3508,Bag,600,109
3509,HP,600,107
3510,HP,300,100
3511,Charger,600,103
3512,Nokia,700,100
3513,HP,200,105
3514,Bag,1000,100
3515,Waterbottle,800,106
3516,Nokia,500,109
3517,HP,600,100
3518,Charger,500,104
3519,Oneplus,800,104
3520,Iphone,400,105
3521,Nokia,300,100
3522,HP,1000,102
3523,Charger,200,105
3524,Iphone,800,100
3525,Iphone,100,103
3526,Headphone,100,102
3527,HP,400,104
3528,Iphone,800,101
3529,HP,700,101
3530,HP,300,106
3531,Bag,500,103
3532,Nokia,500,109
3533,Dell,600,104
3534,Waterbottle,800,107
3535,Iphone,700,102
3536,Charger,300,105
3537,HP,200,109
3538,HP,400,109
3539,Bag,400,104
3540,Headphone,800,101
3541,Bag,900,107
3542,HP,200,101
3543,Iphone,400,106
3544,Waterbottle,300,102
3545,Nokia,500,104
3546,Dell,200,106
3547,Iphone,600,102
3548,Headphone,200,106
3549,Dell,100,104
3550,Bag,800,103
3551,Nokia,800,101
3552,Oneplus,700,107
3553,Iphone,400,108
3554,Waterbottle,1000,108
3555,Charger,600,106
3556,Nokia,900,109
3557,Headphone,500,107
3558,Charger,900,100
3559,Bag,200,100
3560,Iphone,1000,104
3561,Charger,800,102
3562,Iphone,600,105
3563,HP,500,102
3564,HP,1000,104
3565,Headphone,300,101
3566,Iphone,1000,106
3567,Bag,600,101
3568,Waterbottle,200,108
3569,Iphone,200,104
3570,HP,100,106
3571,Headphone,300,103
3572,Bag,600,102
3573,Waterbottle,300,108
3574,Nokia,300,107
3575,HP,400,102
3576,Headphone,100,105
3577,Headphone,100,104
3578,Oneplus,700,105
3579,Iphone,900,101
3580,Bag,300,108
3581,Oneplus,400,105
3582,Oneplus,900,105
3583,Headphone,600,107
3584,Dell,900,107
3585,Headphone,600,109
3586,Iphone,200,103
3587,Charger,700,102
3588,Oneplus,900,104
3589,Nokia,300,102
3590,Iphone,1000,107
3591,HP,700,108
3592,Iphone,300,104
3593,Charger,300,101
3594,Iphone,300,109
3595,Nokia,700,106
3596,Charger,200,100
3597,Oneplus,500,109
3598,HP,800,108
3599,Waterbottle,500,103
3600,Waterbottle,300,103
3601,Nokia,1000,101
3602,Nokia,600,102
3603,Nokia,200,107
3604,Oneplus,800,106
3605,HP,500,100
3606,Iphone,300,103
3607,Dell,600,100
3608,Nokia,100,106
3609,Headphone,800,103
3610,Charger,600,106
3611,Oneplus,600,102
3612,Oneplus,500,109
3613,Headphone,1000,106
3614,Nokia,800,107
3615,Dell,900,105
3616,Bag,400,103
3617,Iphone,700,102
3618,Nokia,200,101
3619,Nokia,1000,104
3620,Charger,500,106
3621,Oneplus,400,103
3622,HP,700,106
3623,Bag,300,103
3624,Iphone,900,104
3625,Bag,200,106
3626,Headphone,500,108
3627,Oneplus,700,107
3628,Oneplus,100,107
3629,Nokia,300,109
3630,Bag,300,108
3631,Oneplus,900,107
3632,Dell,200,108
3633,Dell,100,108
3634,HP,300,106
3635,Oneplus,800,105
3636,Charger,100,109
3637,Oneplus,100,103
3638,Headphone,200,103
3639,HP,100,106
3640,HP,300,104
3641,Nokia,800,105
3642,Nokia,200,109
3643,Nokia,100,104
3644,Iphone,200,107
3645,HP,1000,100
3646,Oneplus,400,100
3647,Charger,400,102
3648,Iphone,1000,104
3649,Nokia,700,109
3650,Dell,100,103
3651,Iphone,500,105
3652,Waterbottle,800,106
3653,Waterbottle,500,105
3654,Waterbottle,500,101
3655,HP,900,108
3656,Oneplus,900,103
3657,Headphone,900,103
3658,Iphone,600,106
3659,Charger,300,109
3660,Waterbottle,800,104
3661,Headphone,100,100
3662,HP,700,104
3663,Dell,100,100
3664,HP,100,102
3665,Bag,600,108
3666,HP,800,107
3667,HP,1000,101
3668,Bag,200,103
3669,Nokia,900,101
3670,Iphone,100,107
3671,Charger,1000,102
3672,Iphone,300,108
3673,Oneplus,600,107
3674,HP,1000,104
3675,Bag,600,106
3676,Dell,1000,103
3677,HP,700,107
3678,Charger,800,106
3679,HP,700,101
3680,Bag,600,107
3681,Waterbottle,900,107
3682,HP,600,106
3683,Nokia,1000,100
3684,Dell,900,101
3685,Iphone,200,106
3686,Charger,100,100
3687,Nokia,300,103
3688,Charger,400,105
3689,Headphone,500,105
3690,Iphone,900,103
3691,Waterbottle,900,107
3692,Headphone,800,104
3693,Iphone,200,105
3694,HP,1000,102
3695,Charger,600,103
3696,Waterbottle,1000,100
3697,Waterbottle,700,100
3698,Dell,400,109
3699,Nokia,300,100
3700,Headphone,500,104
3701,Oneplus,600,108
3702,Iphone,500,100
3703,Bag,500,100
3704,Nokia,300,106
3705,Charger,800,102
3706,HP,800,109
3707,Dell,400,100
3708,Iphone,200,103
3709,Bag,800,107
3710,Bag,700,104
3711,Waterbottle,100,106
3712,Dell,300,102
3713,Bag,900,103
3714,Oneplus,900,105
3715,Bag,400,105
3716,Charger,600,108
3717,Waterbottle,200,107
3718,HP,700,105
3719,Oneplus,200,106
3720,Oneplus,900,100
3721,Dell,300,103
3722,HP,200,101
3723,Nokia,300,103
3724,Iphone,400,106
3725,Nokia,400,109
3726,Bag,200,105
3727,Bag,100,100
3728,Dell,100,100
3729,Iphone,800,103
3730,Waterbottle,300,100
3731,Oneplus,500,105
3732,Headphone,800,105
3733,Dell,100,103
3734,Oneplus,300,101
3735,HP,600,108
3736,Dell,600,105
3737,Nokia,200,102
3738,Charger,400,106
3739,Nokia,100,105
3740,Headphone,600,101
3741,Oneplus,200,100
3742,Headphone,100,102
3743,Waterbottle,400,108
3744,Iphone,700,104
3745,Nokia,400,101
3746,HP,800,101
3747,Waterbottle,1000,104
3748,Waterbottle,500,101
3749,HP,800,105
3750,Charger,100,105
3751,HP,400,109
3752,Nokia,600,100
3753,Bag,200,106
3754,HP,200,106
3755,Dell,300,102
3756,Nokia,700,108
3757,HP,300,106
3758,Iphone,500,108
3759,Iphone,900,104
3760,Oneplus,400,104
3761,Iphone,500,103
3762,Iphone,800,100
3763,Nokia,200,104
3764,Charger,900,106
3765,Nokia,300,103
3766,Oneplus,300,104
3767,Waterbottle,200,100
3768,Headphone,600,107
3769,Oneplus,400,103
3770,Nokia,600,103
3771,Nokia,800,106
3772,Oneplus,800,104
3773,Charger,300,107
3774,Iphone,1000,107
3775,Iphone,700,109
3776,HP,300,107
3777,Bag,300,103
3778,HP,800,107
3779,Headphone,900,100
3780,Headphone,700,102
3781,Oneplus,500,107
3782,Nokia,500,105
3783,Waterbottle,700,106
3784,Charger,500,101
3785,Nokia,1000,105
3786,Oneplus,500,105
3787,Dell,1000,109
3788,Headphone,500,109
3789,Dell,100,107
3790,Charger,200,109
3791,Waterbottle,800,107
3792,Bag,300,103
3793,Iphone,500,108
3794,Oneplus,600,109
3795,Headphone,800,105
3796,Oneplus,600,109
3797,Bag,400,100
3798,Headphone,700,106
3799,Nokia,900,109
3800,HP,100,100
3801,Dell,100,109
3802,Oneplus,200,106
3803,Dell,400,107
3804,Headphone,600,106
3805,Dell,1000,100
3806,Waterbottle,900,100
3807,Bag,600,100
3808,Nokia,300,107
3809,Waterbottle,900,103
3810,Charger,900,100
3811,Bag,400,106
3812,Nokia,500,109
3813,Oneplus,800,109
3814,Nokia,400,102
3815,Bag,900,105
3816,Bag,1000,100
3817,Bag,400,105
3818,HP,500,107
3819,HP,700,103
3820,Charger,300,109
3821,Bag,100,106
3822,HP,300,109
3823,Dell,1000,102
3824,Iphone,600,102
3825,Headphone,400,101
3826,HP,1000,105
3827,Iphone,900,107
3828,Iphone,1000,106
3829,Bag,300,104
3830,Bag,900,102
3831,Iphone,100,104
3832,Dell,1000,109
3833,Dell,500,100
3834,Iphone,200,107
3835,Oneplus,400,109
3836,Headphone,700,100
3837,Iphone,700,105
3838,Nokia,800,103
3839,Iphone,500,108
3840,Bag,200,106
3841,Oneplus,400,100
3842,Bag,600,107
3843,Nokia,400,100
3844,Waterbottle,800,104
3845,Waterbottle,200,105
3846,Nokia,900,109
3847,Waterbottle,100,104
3848,Iphone,800,108
3849,HP,400,104
3850,Iphone,700,105
3851,Waterbottle,400,109
3852,Bag,300,100
3853,HP,800,105
3854,Oneplus,900,106
3855,HP,500,102
3856,Headphone,700,100
3857,HP,100,100
3858,Dell,700,108
3859,Headphone,1000,105
3860,Iphone,100,108
3861,Charger,700,104
3862,Nokia,1000,100
3863,Charger,1000,107
3864,Headphone,400,104
3865,Oneplus,300,106
3866,Charger,1000,104
3867,Headphone,900,103
3868,Iphone,200,106
3869,Bag,400,103
3870,Bag,900,103
3871,Dell,200,101
3872,Charger,600,109
3873,Waterbottle,200,100
3874,Oneplus,900,105
3875,Iphone,900,100
3876,Charger,800,106
3877,HP,800,103
3878,Nokia,400,104
3879,Nokia,400,101
3880,Dell,300,104
3881,Iphone,800,101
3882,Waterbottle,300,105
3883,Iphone,200,106
3884,Iphone,1000,106
3885,Charger,700,108
3886,Dell,700,105
3887,Waterbottle,300,104
3888,Dell,800,104
3889,Oneplus,600,109
3890,HP,300,104
3891,Charger,900,106
3892,HP,400,105
3893,Oneplus,400,100
3894,Headphone,500,104
3895,Headphone,500,100
3896,Nokia,100,104
3897,Nokia,600,103
3898,Bag,900,107
3899,Bag,1000,105
3900,Dell,900,107
3901,Iphone,100,103
3902,HP,800,101
3903,Nokia,800,109
3904,Charger,100,103
3905,Nokia,400,109
3906,Nokia,900,108
3907,HP,100,102
3908,Charger,400,104
3909,Dell,1000,107
3910,Nokia,400,102
3911,Oneplus,500,103
3912,Bag,800,103
3913,Waterbottle,900,105
3914,Headphone,100,104
3915,Nokia,900,102
3916,Headphone,700,104
3917,Charger,100,109
3918,Nokia,800,100
3919,Bag,800,104
3920,Headphone,500,108
3921,Waterbottle,700,103
3922,HP,600,104
3923,Oneplus,600,105
3924,Charger,1000,101
3925,Headphone,200,108
3926,Bag,500,102
3927,Dell,700,104
3928,Oneplus,900,100
3929,Headphone,700,108
3930,Nokia,600,107
3931,HP,800,109
3932,Charger,400,106
3933,Bag,100,106
3934,Charger,100,100
3935,Waterbottle,1000,109
3936,Waterbottle,1000,108
3937,Waterbottle,700,105
3938,Waterbottle,200,106
3939,Bag,800,104
3940,HP,400,105
3941,Iphone,200,100
3942,Dell,500,108
3943,HP,100,106
3944,Oneplus,200,103
3945,Bag,300,101
3946,Nokia,1000,107
3947,Nokia,600,100
3948,Charger,400,100
3949,Iphone,800,100
3950,Iphone,600,106
3951,Dell,1000,106
3952,Waterbottle,800,102
3953,Dell,900,107
3954,HP,700,104
3955,HP,1000,104
3956,HP,700,102
3957,Nokia,600,101
3958,Nokia,800,101
3959,Headphone,100,100
3960,HP,200,104
3961,Charger,100,109
3962,Iphone,700,104
3963,Headphone,500,107
3964,Waterbottle,1000,102
3965,Waterbottle,900,108
3966,Iphone,500,100
3967,Oneplus,900,105
3968,Headphone,800,101
3969,Iphone,1000,109
3970,Dell,800,100
3971,Headphone,600,104
3972,HP,600,109
3973,Headphone,300,104
3974,Headphone,500,102
3975,Waterbottle,100,106
3976,Oneplus,800,101
3977,Charger,800,103
3978,Iphone,300,104
3979,Charger,700,104
3980,Dell,300,106
3981,Iphone,600,108
3982,Dell,300,103
3983,HP,300,100
3984,Waterbottle,300,104
3985,Oneplus,500,101
3986,Headphone,700,108
3987,Bag,200,103
3988,HP,800,104
3989,Oneplus,200,105
3990,HP,200,102
3991,Charger,100,107
3992,Iphone,1000,103
3993,Charger,700,104
3994,Bag,500,105
3995,Nokia,100,108
3996,Headphone,400,104
3997,Headphone,500,105
3998,Iphone,1000,107
3999,Nokia,200,102
